-- MariaDB dump 10.19  Distrib 10.11.5-MariaDB, for debian-linux-gnu (x86_64)
--
-- Host: localhost    Database: TICKETS
-- ------------------------------------------------------
-- Server version	10.11.5-MariaDB-3

/*!40101 SET @OLD_CHARACTER_SET_CLIENT=@@CHARACTER_SET_CLIENT */;
/*!40101 SET @OLD_CHARACTER_SET_RESULTS=@@CHARACTER_SET_RESULTS */;
/*!40101 SET @OLD_COLLATION_CONNECTION=@@COLLATION_CONNECTION */;
/*!40101 SET NAMES utf8mb4 */;
/*!40103 SET @OLD_TIME_ZONE=@@TIME_ZONE */;
/*!40103 SET TIME_ZONE='+00:00' */;
/*!40014 SET @OLD_UNIQUE_CHECKS=@@UNIQUE_CHECKS, UNIQUE_CHECKS=0 */;
/*!40014 SET @OLD_FOREIGN_KEY_CHECKS=@@FOREIGN_KEY_CHECKS, FOREIGN_KEY_CHECKS=0 */;
/*!40101 SET @OLD_SQL_MODE=@@SQL_MODE, SQL_MODE='NO_AUTO_VALUE_ON_ZERO' */;
/*!40111 SET @OLD_SQL_NOTES=@@SQL_NOTES, SQL_NOTES=0 */;

--
-- Table structure for table `Items`
--

DROP TABLE IF EXISTS `Items`;
/*!40101 SET @saved_cs_client     = @@character_set_client */;
/*!40101 SET character_set_client = utf8 */;
CREATE TABLE `Items` (
  `ID` int(11) NOT NULL AUTO_INCREMENT,
  `TicketID` int(11) DEFAULT NULL,
  `Name` varchar(255) DEFAULT NULL,
  `Quantity` decimal(10,4) DEFAULT NULL,
  `Price` decimal(10,2) DEFAULT NULL,
  PRIMARY KEY (`ID`),
  KEY `TicketID` (`TicketID`),
  CONSTRAINT `Items_ibfk_1` FOREIGN KEY (`TicketID`) REFERENCES `Ticket` (`TicketID`)
) ENGINE=InnoDB AUTO_INCREMENT=956 DEFAULT CHARSET=utf8mb4 COLLATE=utf8mb4_general_ci;
/*!40101 SET character_set_client = @saved_cs_client */;

--
-- Dumping data for table `Items`
--

LOCK TABLES `Items` WRITE;
/*!40000 ALTER TABLE `Items` DISABLE KEYS */;
INSERT INTO `Items` VALUES
(1,1,'YOGUR PASTORET NATURAL ',2.0000,2.85),
(2,1,'QUESO FRESCO BERTA TARR ',1.0000,2.89),
(3,1,'CAFE BAQUE SUP.MOL-ALT',1.0000,2.99),
(19,2,'BARRA DE PAN',1.0000,0.48),
(20,2,'PAN DE FIBRA',1.0000,1.25),
(21,2,'HUMMUS CLASICO',1.0000,1.05),
(22,2,'40 B.CIERRA FÁCIL',1.0000,1.70),
(23,2,'RODAJA POTON COCIDO',1.0000,6.05),
(24,2,'ZANAHORIA BOLSA',1.0000,1.09),
(25,2,'BICARBONATO KILO',1.0000,1.50),
(26,2,'0. LONCHAS EDAM TIER',1.0000,2.00),
(27,2,'P. PAY RED. SAL BIPA',1.0000,3.37),
(28,2,'PECHUGA 2 UND',1.0000,4.55),
(29,2,'SOJA CALCIO BRICK',2.0000,0.70),
(30,2,'COMPRESA ALAS NORMAL',1.0000,1.84),
(31,2,'AGUA OXIGENADA',2.0000,0.65),
(32,2,'LEJIA NORMAL',1.0000,0.80),
(33,2,'DEO CREMA DOVE',1.0000,2.00),
(34,3,'UNSPECIFIED FISH',0.6000,20.50),
(35,3,'BOLSA PEQUEÑA',2.0000,0.05),
(36,4,'UNSPECIFIED MEAT',0.5500,12.48),
(37,4,'UNSPECIFIED MEAT',0.3800,4.89),
(38,4,'UNSPECIFIED MEAT',0.4100,13.48),
(39,5,'UNSPECIFIED_FRUIT_VEGETABLE1',0.8150,4.25),
(40,5,'UNSPECIFIED_FRUIT_VEGETABLE2',1.0000,2.99),
(41,5,'UNSPECIFIED_FRUIT_VEGETABLE3',1.0200,2.53),
(42,5,'UNSPECIFIED_FRUIT_VEGETABLE4',0.4250,1.75),
(43,5,'UNSPECIFIED_FRUIT_VEGETABLE5',0.5600,1.48),
(44,6,'DOCENA HUEVOS XXL',12.0000,3.30),
(45,6,'PERA CONF PRIMERA',0.9250,1.98),
(46,6,'ZANAHORTA',0.3550,1.55),
(47,6,'KIWI OFERTA',0.5150,3.89),
(48,6,'MOSCATEL GOLOSINA',1.0200,3.55),
(49,6,'CALABAZA PAIS',0.9750,1.65),
(50,6,'LIMON',0.3400,2.45),
(51,7,'UNSPECIFIED_CHARCUTERIA_ITEM',0.1600,12.90),
(52,8,'ANACARDO',1.0000,2.00),
(53,9,'UNSPECIFIED_SEAFOOD_ITEM1',1.3990,14.90),
(54,9,'UNSPECIFIED_SEAFOOD_ITEM2',1.0600,18.90),
(55,9,'BOLSA PEQUEÑA',1.0000,0.05),
(56,10,'HUEVO SUELO L',1.0000,2.36),
(57,10,'AGUACATE 2 UNIDAD',1.0000,2.18),
(58,10,'PICO CAMPERO EROS',1.0000,1.08),
(59,10,'MANTEQ. ALDANONO 2',1.0000,3.35),
(60,10,'LUIS CANAS JOVEN',1.0000,6.90),
(61,10,'ESPARRAGO EXTRA',1.0000,6.99),
(62,11,'UNSPECIFIED_VEGETABLE_ITEM',1.0500,2.25),
(63,12,'PASTAS PLUMAS',1.0000,1.40),
(64,13,'ZANAHORIA',0.4700,0.73),
(65,13,'PATATA VOYAGER',1.1850,1.40),
(66,13,'GRANADA',0.3950,0.97),
(67,13,'VAINAS PAIS',0.3050,1.78),
(68,13,'AJOS EXTRA',0.1300,0.71),
(69,14,'TOMATE ENSALADA',0.9800,3.25),
(70,14,'PATATA GRANEL',2.0000,1.79),
(71,14,'TTO.RIOJA OTORAL V.SEL',1.0000,6.29),
(72,14,'CERVEZA ESTRELLA GALICIA',6.0000,3.49),
(73,15,'LECHE BIZKAI ENTERA BRIK 1L',3.0000,1.24),
(74,15,'LECHE BIZKAI DESNAT BRIK 1L',1.0000,1.24),
(75,15,'ROSQUILLAS MOLINERO B/400G',1.0000,1.81),
(76,15,'BEBIDA ARROZ YOSOY 1L',1.0000,1.65),
(77,16,'Lomo q/EsPina y Concurso XXL',1.0100,22.95),
(78,16,'Bacalada curada extra',0.9600,14.39),
(79,17,'CROQUETAS IDIAZABAL',0.6900,9.59),
(80,17,'ENSALADILLA',1.0000,4.30),
(81,17,'TXIPIRONES',1.0000,11.50),
(82,18,'OGI BURGER MINIAK',1.0000,0.35),
(83,18,'GUINDILLA IBARRA',1.0000,4.63),
(84,18,'GILDA ZUBELZU BOQU',1.0000,5.44),
(85,18,'GILDA ZUBELZU CLAS',1.0000,5.44),
(86,19,'UNSPECIFIED_ITEM1',0.3300,2.18),
(87,19,'UNSPECIFIED_ITEM2',0.2150,1.51),
(88,20,'LECHE SEMI PS',1.0000,2.00),
(89,20,'LEJIA NORMAL',1.0000,0.80),
(90,20,'GEL QUITAMANCHAS',1.0000,2.35),
(91,20,'FUENTE DEHESA 1,5L',2.0000,0.37),
(92,20,'CAFE MOLIDO NATURAL',1.0000,1.75),
(93,20,'PAN SEM Y P CALABAZA',1.0000,1.75),
(94,20,'BARRA RUSTICA',1.0000,2.80),
(95,20,'QUESO VACA HAVARTI',1.0000,2.80),
(96,20,'JAMÓN C FL PACK',1.0000,1.06),
(97,20,'GARBANZO PEDROSILLANO',1.0000,1.06),
(98,20,'TOMATE TRITURADO',1.0000,0.09),
(99,20,'SARDINILLAS ESCABECH',2.0000,1.05),
(100,21,'HUEVO FRESCO L DOCE',4.0000,2.20),
(101,21,'VALENTINA TOALLITAS',4.0000,1.00),
(102,21,'HERO 1886 MERM NAR',4.0000,1.95),
(103,21,'LINDT TABLETA CHOCO',2.0000,4.75),
(104,21,'LISTERINE MENTA FRE',4.0000,4.10),
(105,21,'TOSFRIT TOTAS GOURM',1.0000,1.10),
(106,22,'LECHE SEMI',2.0000,0.87),
(107,22,'FUENTE DEHESA 1,5L',2.0000,0.37),
(108,22,'ZANAHORIA 500 G',1.0000,0.85),
(109,22,'PECHUGA 2 UND',1.0000,3.49),
(110,22,'MANTEQUILLA PAST.CON',1.0000,1.90),
(111,22,'BÍFIDUS CIRUELA',1.0000,1.30),
(112,22,'PECHUGA PAYO BIPACK',1.0000,3.37),
(113,22,'KIWI VERDE',0.4880,3.03),
(114,22,'MANDARINA',0.4700,1.99),
(115,22,'LECHE SEMI',2.0000,0.87),
(116,22,'FUENTE DEHESA 1,5L',2.0000,0.37),
(117,22,'ZANAHORIA 500 G',1.0000,0.85),
(118,22,'PECHUGA 2 UND',1.0000,3.49),
(119,22,'MANTEQUILLA PAST.CON',1.0000,1.90),
(120,22,'BÍFIDUS CIRUELA',1.0000,1.30),
(121,22,'PECHUGA PAYO BIPACK',1.0000,3.37),
(122,22,'KIWI VERDE',0.4880,3.03),
(123,22,'MANDARINA',0.4700,1.99),
(124,23,'FILETES DE AÑOJO TIERNOS',0.5350,11.99),
(125,23,'RAGOUT DE AÑOJO',0.5400,10.99),
(126,23,'AGUJA CERDO DUROC',0.7600,5.99),
(127,23,'CINTA LOMO FRESCA CERDO DUR',0.5850,8.99),
(128,23,'TRASEROS DE POLLO GALICIA',0.8100,4.99),
(129,23,'CODORNIZ',2.0000,1.99),
(130,23,'LONGANIZA DE POLLO GOURMET',0.4050,7.99),
(131,24,'GALLETAS RELIEVE',1.0000,1.03),
(132,24,'MERMELADA NARANJA',1.0000,4.55),
(133,24,'PATATAS FRITAS',1.0000,2.79),
(134,24,'ARROZ LECHE CRF',1.0000,1.28),
(135,24,'CEBOLLA CARREFOUR',1.0000,1.58),
(136,24,'DATIL DESHUESADO',1.0000,2.49),
(137,24,'MANZANA GOLDEN CRF',1.0000,2.25),
(138,24,'PERA CONFERENCIA',1.0000,2.99),
(139,24,'HUEVO L 12H',1.0000,2.19),
(140,24,'6 PILAS LR06 ITECH',1.0000,4.29),
(141,25,'SANYTOL SIN LEJIA',1.0000,2.88),
(142,25,'LINDT TABLETA CHOCO',2.0000,1.75),
(143,25,'DON SUERO VINO TINT',1.0000,3.25),
(144,25,'KING REGAL REGALIZ',1.0000,1.55),
(145,25,'PANTENE CHAMPU MIRACLE',1.0000,2.85),
(146,26,'BARRA CAMPESINA',1.0000,0.70),
(147,26,'PUERROS',1.0000,1.88),
(148,26,'SETA BANDEJA',1.0000,1.53),
(149,26,'CHAMPTRON BANDEJA',1.0000,1.68),
(150,26,'MAGDALENA AZUCAR',1.0000,2.90),
(151,26,'TOMATE SECO ACEITE',1.0000,2.30),
(152,26,'MOSTAZA DIJON',1.0000,1.25),
(153,26,'TOMATE FRITO CASERO',1.0000,1.75),
(154,26,'M.CROISS MANTEQUILLA',1.0000,1.85),
(155,26,'ALAS ADOBADAS',1.0000,3.07),
(156,26,'PICOS NORMALES',1.0000,0.83),
(157,26,'REGAÑA',1.0000,1.10),
(158,26,'ZANAHORIA 500 G',1.0000,0.85),
(159,26,'CAFE MOLIDO NATURAL',2.0000,1.75),
(160,26,'JUDÍA PLANA 750 G',1.0000,3.75),
(161,26,'NESQUIK 390 G',1.0000,2.99),
(162,26,'FILETE MERLUZA CABO',1.0000,4.30),
(163,26,'ESTROPAJO VERDE',1.0000,0.99),
(164,26,'Compy SUP SALMON',1.0000,9.35),
(165,27,'TOMATE FRITO MEDITE',1.0000,2.16),
(166,27,'CERVEZA SAN MIGUEL',9.0000,0.24),
(167,27,'GARBANZO FRASCO',1.0000,0.78),
(168,27,'CODORNIZ ESCABECHE',1.0000,0.30),
(169,27,'ACEITUNAS CHUPADEDOS',1.0000,1.02),
(170,27,'TOMATE TRITURADO',1.0000,0.99),
(171,27,'AZUCARITOS MORENOS',1.0000,1.80),
(172,27,'LECHE SEMIDESNATADA',1.0000,1.14),
(173,27,'MAGRO FRESCO DE CERDO',1.0000,5.21),
(174,27,'CENTRO JAMON G.RSERVA',1.0000,2.48),
(175,27,'DEPARTAMENTO CARNICERIA',1.0000,7.69),
(176,27,'PAN AJO/PEREJIL',1.0000,0.63),
(177,27,'CAFE MOLIDO NATURAL',1.0000,1.70),
(178,27,'TOMATE BOLA',1.0000,1.04),
(179,27,'ARROZ BRILLANTE',1.0000,1.25),
(180,27,'ARROZ INTEGRAL Y QUINOA',1.0000,1.49),
(181,28,'PAN AJO/PEREJIL',1.0000,0.63),
(182,28,'CAFE MOLIDO NATURAL',1.0000,1.70),
(183,28,'TOMATE BOLA',1.0000,1.04),
(184,28,'ARROZ BRILLANTE',1.0000,1.25),
(185,28,'ARROZ INTEGRAL Y QUINOA',1.0000,1.49),
(186,28,'PIMIENTO ROJO',1.0000,0.68),
(187,28,'CEBOLLA MORADA',1.0000,1.29),
(188,28,'GALLETA JENGIBRE',1.0000,2.99),
(189,28,'PUERROS MANOJO',1.0000,1.75),
(190,28,'LOMO ADOBADO AL HORNO',1.0000,2.00),
(191,28,'SALCHICHA 100% POLLO',1.0000,4.27),
(192,29,'APETINAS KETCHUP',1.0000,1.13),
(193,29,'GALLETAS CHOCO COOKIE MILKA',2.0000,1.00),
(194,29,'PIMIENTO ITALIANO',1.0000,2.03),
(195,29,'CENTRO JAMON GRAN RESERVA',1.0000,3.44),
(196,29,'ZANAHORIA BOLSA 500G',1.0000,0.89),
(197,29,'CEBOLLETAS POR MANOJO',1.0000,1.35),
(198,29,'NABOS BANDEJA 350G',1.0000,1.10),
(199,29,'QUESO CURADO OVEJA',1.0000,5.50),
(200,29,'SETA SHIITAKE BANDEJA',1.0000,1.15),
(201,30,'PATATA FREIR MALLA',1.0000,3.29),
(202,30,'BEBIDA AVENA IFA',2.0000,0.92),
(203,30,'PAN S/CORTEZA IFA',1.0000,1.30),
(204,30,'HUMMUS ENSALADILLA',1.0000,1.75),
(205,30,'HUEVOS L PACK-12',1.0000,2.40),
(206,30,'PIZZA 4 QUESOS',1.0000,3.15),
(207,30,'CERVEZA SAN MIGUEL',8.0000,6.24),
(208,30,'CERVEZA MAHOU 5 ESTRELLAS',8.0000,6.40),
(209,30,'LECHE DESNATADA BRICK',1.0000,1.02),
(210,30,'TARRINA GATO PATÉ',1.0000,1.02),
(211,30,'CERVEZA VOLL DAMM',4.0000,3.16),
(212,31,'PECTAL LATA',4.0000,0.37),
(213,31,'CIDER MANZANA MINI',6.0000,0.75),
(214,31,'TORTILLA PATATA',1.0000,2.00),
(215,31,'PIZZA QUESOS',1.0000,2.00),
(216,31,'MAZORCA CALABAZA',1.0000,1.60),
(217,31,'ESPARRAGOS',1.0000,1.60),
(218,31,'CAJA GALLETA',1.0000,1.25),
(219,31,'DIP QUESO',1.0000,2.40),
(220,31,'ENSALADILLA CANGREJO',1.0000,1.78),
(221,31,'NAPO CHOCO',2.0000,1.70),
(222,31,'BARRITA RELLENA',1.0000,1.70),
(223,31,'BAGUETTE AJO',1.0000,1.50),
(224,31,'HUEVOS CAMPEROS',1.0000,1.59),
(225,31,'GUISANTES',1.0000,2.20),
(226,31,'POLVORON GRANEL',0.2180,5.10),
(227,31,'PLATANO',0.7440,1.99),
(228,31,'CHIRIMOYA',0.9800,3.69),
(229,31,'MANDARINA',0.7560,1.99),
(230,32,'FRUTERIA',1.0000,1.98),
(231,32,'MELLOWS FINT',1.0000,1.10),
(232,33,'PANECLI 19U 100%',1.0000,1.49),
(233,33,'ENSALADA CLASSIC',1.0000,1.98),
(234,33,'HOGAZA CEREALY SEMILLA',1.0000,1.99),
(235,33,'HOGAZA MAIZ PIPAS',1.0000,2.45),
(236,33,'PUERRO MANOJO',1.0000,2.19),
(237,33,'KIWI SUNGOLD',1.0000,3.79),
(238,33,'HAMBURGUESA CONEJO',2.0000,4.09),
(239,33,'PAN HAMBURGUESA SÉSAMO',1.0000,1.00),
(240,33,'BEBIDA DE AVENA',1.0000,2.20),
(241,33,'LECHE SEMI S/L KA',2.0000,1.29),
(242,33,'SOJA CHOCO ALPRO',1.0000,2.75),
(243,33,'BARRITA CEREALES',1.0000,3.15),
(244,33,'MOJO PICÓN',1.0000,3.20),
(245,33,'CEREALES NESTLE',1.0000,3.20),
(246,33,'MERLUZA EMPANADA',1.0000,3.45),
(247,33,'SALMON NORUEGO',4.0000,4.29),
(248,34,'KETCHUP HEINZ',570.0000,3.39),
(249,34,'SALSA BRAVA 300G',1.0000,1.79),
(250,34,'JAMON SERVA 130G',1.0000,2.59),
(251,34,'YOGUR CC JAR DE CAÑA',1.0000,1.45),
(252,34,'FALAFEL / ALBÓNDIGAS VEG',1.0000,2.39),
(253,34,'FLAN DE HUEVO 4X100G',1.0000,1.39),
(254,34,'GETS-ESCALOPES VEGETARIANOS',1.0000,2.95),
(255,34,'PASTA FRESCA PREMIUM',1.0000,2.45),
(256,34,'PECHUGA PAVO BIPACK',1.0000,3.29),
(257,34,'POLLO',1.0000,3.05),
(258,34,'CEPILLO DE DIENTES',1.0000,1.69),
(259,34,'PROVOLONE CON/SIN ORÉGANO',1.0000,1.95),
(260,34,'ARROZ REDONDO TARRINA',1.0000,1.09),
(261,34,'YATEKOMO POLLO',1.0000,3.05),
(262,34,'PATATAS CORTE FINO/GAJOS',1.0000,1.79),
(263,34,'QUESO MOZZARELLA 125G',1.0000,0.95),
(264,34,'MANDARINA GRANEL',0.8280,2.49),
(265,34,'TOMATE ENSALADA',0.5500,2.20),
(266,34,'PIMIENTO DULCE ITALIANO',0.1540,2.29),
(267,35,'CHORIZO TRONCAL',1.0000,2.95),
(268,35,'CHORIZO DULCE EXTRA',1.0000,3.71),
(269,35,'PECHUGA PAVO',1.0000,3.99),
(270,35,'ENSALADA PASTA RUCULA',2.0000,3.51),
(271,35,'QUESO LONCHA LIGHT',5.0000,1.50),
(272,35,'XTREME POLLO CRISPY',2.0000,3.91),
(273,35,'PALETA CEBO',2.0000,4.85),
(274,35,'YOGUR COCO DANONE',1.0000,1.00),
(275,35,'YOGUR AZUCARADO DANONE',1.0000,1.00),
(276,35,'VASITO BASMATI',1.0000,1.34),
(277,35,'LENTEJAS PARDINA LUENGOS',1.0000,1.99),
(278,35,'CASA ENCANTADA',1.0000,2.50),
(279,35,'NOCILLA',1.0000,2.75),
(280,35,'PAN BIMBO NATURAL',1.0000,2.89),
(281,35,'BEBIDA AVENA BARISTA',2.0000,1.59),
(282,35,'B3TTER CACAO',2.0000,1.99),
(283,35,'NOCILLA NOIR',2.0000,2.85),
(284,35,'CALDO POLLO GB',2.0000,4.19),
(285,35,'LAY.HAO GEL LIMO',1.0000,7.20),
(286,36,'CHAMPIÑON LAMINADO',1.0000,1.77),
(287,36,'ENSALADA IBERICA',1.0000,3.12),
(288,36,'ENSALADA PASTA RUCULA',1.0000,3.87),
(289,36,'MAXI PEPINO',1.0000,3.50),
(290,36,'ENSALADA WAKAME',1.0000,3.50),
(291,36,'NOCHI DE CHOCOLATE',1.0000,3.85),
(292,36,'PEPPERONI',2.0000,1.98),
(293,36,'MAKI AGUACATE QUESO',1.0000,4.15),
(294,36,'MAKI LANGOSTINO MASAGO',1.0000,5.35),
(295,36,'ANCHOA LIGERA SAL',2.0000,3.20),
(296,36,'MASA DE PIZZA BALL',4.0000,1.65),
(297,36,'XTREME POLLO CRISPY',2.0000,3.91),
(298,36,'HAWAII SUNLIGHT',1.0000,9.80),
(299,36,'SALMON 3 PIMIENTAS',1.0000,9.99),
(300,36,'SUSHI MENU 10',1.0000,15.95),
(301,36,'ACEITUNA NEGRA RODAJA',1.0000,1.35),
(302,36,'TAKIS FUEGO',1.0000,1.50),
(303,36,'CREMA AZUL PRESIDENT',1.0000,1.69),
(304,36,'POPITAS ZERO',1.0000,2.49),
(305,36,'PAN SIN CORTEZA BIMBO',1.0000,2.49),
(306,36,'TOMATE PARA PIZZA',1.0000,2.89),
(307,36,'PHOSKITOS 4U',1.0000,3.85),
(308,36,'ATUN CLARO CALVO',1.0000,4.15),
(309,36,'QUESO PARA PIZZA',2.0000,2.98),
(310,36,'DENTIFRICO REPOPRO BLANCO',1.0000,4.48),
(311,36,'MEGAPACK FANTASY',1.0000,8.00),
(312,37,'CHAMPIÑON LAMINADO',1.0000,1.77),
(313,37,'COCO TROZOS',1.0000,1.78),
(314,37,'HUEVO LABEL 6 UND',1.0000,2.00),
(315,37,'ENSALADA IBERICA',1.0000,3.12),
(316,37,'HAMBURGUESA PAYO',1.0000,3.18),
(317,37,'ENSALADA PASTA RUCULA',1.0000,3.37),
(318,37,'HARI PEPINO',1.0000,3.58),
(319,37,'FILETE EXTRAFINO POLLO',1.0000,3.59),
(320,37,'POLLO JAPONES',1.0000,3.80),
(321,37,'XTREME POLLO CRISPY',1.0000,3.91),
(322,37,'WRAP POLLO BACON',1.0000,3.91),
(323,37,'ROCHI DE CHOCOLATE',1.0000,3.85),
(324,37,'STICKS FUET DE PATO',2.0000,1.99),
(325,37,'HARI AGUACATE CUBIERTO',1.0000,9.19),
(326,37,'CALTE SPICY LARGO',1.0000,8.00),
(327,37,'HAWAII SUNLIGHT',1.0000,9.80),
(328,37,'SUSHI MENU 14 GL',1.0000,15.85),
(329,37,'PAN HAMBURGUESA SESAMO',1.0000,1.09),
(330,37,'IMPULSOR POLVO',1.0000,1.29),
(331,37,'CASTAÑAS ASADAS',1.0000,1.65),
(332,37,'RIZADO CHOCONEGRO',1.0000,1.89),
(333,37,'GALLETA MENI CREMA',1.0000,1.99),
(334,37,'CREMA POLLOS VERDURA',1.0000,2.20),
(335,37,'VASITO BASMATI',2.0000,1.68),
(336,37,'LECHE ENTERA RAIZ',6.0000,1.24),
(337,37,'LECHE DESNATADA S/L HA',6.0000,1.43),
(338,38,'AGUA ACE BENEDETT',1.0000,0.81),
(339,38,'MERLUZA EMPANADA',1.0000,3.93),
(340,38,'HIGOS CON CHOCOLATE',1.0000,3.45),
(341,38,'PAÑUELOS HIDRATANTES',1.0000,1.45),
(342,38,'GPROTECT SLIP EVA',3.0000,2.95),
(343,39,'PANADERIA PREMIUM',1.0000,2.89),
(344,39,'MANZANA PINK LADY',1.0000,2.65),
(345,39,'PLATANO CANARIAS',1.0000,2.20),
(346,39,'PIMIENTO ROJO LARGO',1.0000,1.38),
(347,39,'TOMATE BOLA GRANEL',1.0000,0.84),
(348,39,'PIMIENTO TRICOLOR',1.0000,1.59),
(349,39,'ZANAHORIA',1.0000,0.83),
(350,39,'LIMON',1.0000,1.96),
(351,39,'PECHUGA PAVO',1.0000,3.78),
(352,39,'PECHUGA PAVO AJILLO',1.0000,5.09),
(353,39,'SALCHICHA CARNE',1.0000,3.99),
(354,39,'GUISANTES FRITOS',2.0000,2.28),
(355,39,'SALMON NORUEGO',4.0000,4.29),
(356,40,'HOGUERA GR CENT',1.0000,24.90),
(357,40,'QUESO FRESCO BURGOS',1.0000,11.00),
(358,40,'JAMON PAVO COCIDO PAVOFRIO',1.0000,16.00),
(359,40,'PAN MOLDE NAT.100% INT.450',1.0000,2.89),
(360,40,'ENSALADILLA 240G',1.0000,NULL),
(361,40,'TURRON BM JIJONA 250G',1.0000,NULL),
(362,40,'MINI BISCOTES BM 60U 120G',1.0000,NULL),
(363,41,'LASCAS PARMIGIANO',1.0000,2.13),
(364,41,'MAXI PEPINO',1.0000,3.50),
(365,41,'ENSALADA WAKAME',1.0000,3.50),
(366,41,'POLLO JAPONES',1.0000,3.80),
(367,41,'MOCHI DE CHOCOLATE',1.0000,3.95),
(368,41,'MAXI AGUACATE QUESO',1.0000,4.15),
(369,41,'MASA SHOYU',1.0000,4.34),
(370,41,'CALI TRIPLE POLLO',1.0000,7.50),
(371,41,'CALIFORNIA SPICY LANGOSTINO',1.0000,8.00),
(372,41,'SUSHI MENU 14',1.0000,15.95),
(373,41,'PASTA LETRA GALLO',1.0000,1.33),
(374,41,'PRINGLES SOUR CREAM',1.0000,1.40),
(375,41,'TAKIS FUEGO',1.0000,1.50),
(376,41,'CASTAÑAS ASADAS',1.0000,1.63),
(377,41,'PRINGLES SALSA VINA',1.0000,2.39),
(378,42,'PATATA GRANEL',0.5900,1.79),
(379,42,'FILETE ANCHOA PELAZZA AC.OL.',1.0000,1.85),
(380,42,'PIPAS BM GIGANTES AGUASAL',1.0000,1.20),
(381,42,'PECHUGA PAVO LA SELVA C.CHAR',1.0000,2.89),
(382,42,'BETER CEPILLO MINI NAT.FIBER',1.0000,4.99),
(383,43,'KOMBUCHA FLAXSKALE MOJITO',NULL,NULL),
(384,43,'IGES CAMPEROS B/200G',NULL,NULL),
(385,44,'CLEMENTINA TORRES',0.2800,1.35),
(386,44,'TOMATE TIP TOP BANDEJA 750G',1.0000,3.25),
(387,44,'PUERROS MAZO 3 UNIDADES',1.0000,1.79),
(388,44,'CALABAZA PELADA 500G',1.0000,2.49),
(389,44,'CANONIGOS SELECTA 110G',1.0000,1.20),
(390,44,'ZANAHORIA BOLSA 500G',1.0000,0.85),
(391,44,'CHAMPIÑON BANDEJA',1.0000,1.39),
(392,44,'CEBOLLA TUBO 1 KG',1.0000,1.89),
(393,44,'COL-BROCOLI',0.5500,2.95),
(394,44,'POLLO LIMPIO GR CERT MOSTRA',1.5800,4.90),
(395,44,'PORCINO FILETE LOMO FR.GRANE',0.3800,10.96),
(396,44,'BURGER MEAT 100% VACUNO',0.3100,15.65),
(397,44,'SALMON G 4/6, RODAJA',0.5000,18.95),
(398,44,'DORADA, UNIDAD',2.0000,3.80),
(399,44,'CAFE BM MOL NATURAL 250G',1.0000,1.75),
(400,44,'PECHUGA PAVO ELPOZO 1954 C.F.',2.0000,2.39),
(401,44,'DETERGENTE LIQUIDO ARIEL ORIG.29LAV',2.0000,9.99),
(402,44,'BOLSA CAMISETA 51X60 BM BILI',2.0000,0.12),
(403,45,'NATURE CAT ADULT SALMON 16KG',1.0000,NULL),
(404,45,'NATURE CAT ADULT SALMON 1.5KG',1.0000,NULL),
(405,46,'CEBOLLA DULCE',1.0000,0.80),
(406,46,'BOCADILLO CHORIZO',1.0000,1.65),
(407,46,'HUEVO FRESCO L',1.0000,2.20),
(408,47,'SOPA RIOJANA',1.0000,NULL),
(409,47,'VICHYSSOISE',1.0000,NULL),
(410,47,'PIZZA FAM 4 QUESOS',1.0000,NULL),
(411,47,'ESPARRAGO GRUESO',1.0000,NULL),
(412,47,'HUMUS KALAMATA',1.0000,NULL),
(413,47,'PECHUGA FINAS HIERBAS',1.0000,NULL),
(414,48,'CANONIGOS SELECTA 110G',1.0000,1.20),
(415,48,'AGUACATE BANDEJA',1.0000,1.99),
(416,48,'LIMON',0.1600,0.40),
(417,48,'BURGER MEAT ESPINACAS BANDEJA',1.0000,2.25),
(418,48,'PALETA AIRESANO TERUEL BEST',0.1500,3.74),
(419,48,'QUESO SANTI FRESCO BURGOS',0.1800,2.15),
(420,48,'HUMMUS ENSALANDIA 240G',1.0000,1.75),
(421,48,'ATUN ACT.GIRASOL PLAZACHICA',2.0000,3.69),
(422,48,'PECHUGA PAVO ELPOZO 1954 C.F.',2.0000,2.31),
(423,48,'PASTA DENTAL SIGNAL GEL FRESC 75',1.0000,1.89),
(424,48,'BOLSA CAMISETA 51X60 BM BIL',1.0000,0.12),
(425,49,'PAÑUELO CAJA',4.0000,1.30),
(426,49,'ALLTOLI TARRINA',2.0000,1.10),
(427,49,'NAPOLITANA MIXTA',1.0000,0.80),
(428,49,'PASTEL DE CREMA',7.0000,0.40),
(429,49,'HIGIÉNICO DOBLE ROLLO',1.0000,4.40),
(430,49,'CALDO POLLO',1.0000,0.80),
(431,50,'ALBAHACA',1.0000,2.30),
(432,50,'CHAMPIÑÓN LAMINADO',1.0000,1.80),
(433,50,'ESPARRAGO',1.0000,3.00),
(434,51,'FUET ES',1.0000,2.49),
(435,51,'CALENDARIO',4.0000,0.99),
(436,51,'GALETAS ML',2.0000,2.20),
(437,51,'LECHE FRESCA 1.05%',2.0000,1.05),
(438,51,'MENTEDOR LAVAVAJ',1.0000,1.55),
(439,51,'MEI STOLLEN SK',1.0000,3.38),
(440,51,'PEPTATILLES CON',1.0000,1.05),
(441,51,'LECHUGA ROMANA',1.0000,1.49),
(442,51,'LONGANIZAS FRESCAS',1.0000,3.39),
(443,51,'NARANJA NACIONAL VAR. LIA',8.2380,2.29),
(444,51,'QUESO EMMENTAL',1.0000,2.49),
(445,52,'FLOPPY ZEBRA',1.0000,0.59),
(446,52,'JASA SEA/DELICIAS DEL MAR',1.0000,1.99),
(447,52,'STICK DE QUESO',1.0000,0.80),
(448,52,'CHEF SELECT/ROLLITOS DE BR',1.0000,2.88),
(449,53,'CLEMENTINA',1.0000,3.99),
(450,53,'LIBBY S 100% CALABAZA',1.0000,10.99),
(451,54,'GEL AXCELAR S.ACT.TEURO 1000ML',1.0000,1.49),
(452,54,'MOUSSE LIMPIADOR BADO 150ML',1.0000,4.59),
(453,54,'BONITO',1.0000,1.12),
(454,54,'PIPARRAS',1.0000,1.08),
(455,54,'ZANAHORIA BOLSA 1 KG',1.0000,1.49),
(456,54,'YOGUR GALLEGO 850G VAGOS NESTLE',1.0000,3.99),
(457,54,'BARCO DE PICOR 250 GRS',1.0000,1.14),
(458,55,'PAN INTEGRAL',1.0000,1.50),
(459,55,'CARACOLES CABRILLA (800 GRS)',1.0000,7.00),
(460,56,'BOLSA PLASTICO',1.0000,0.15),
(461,56,'LECHE FRESCA EN',2.0000,1.05),
(462,56,'PANECILLO 100% INTEGRAL',1.0000,1.05),
(463,56,'ARROZ 500G',1.0000,1.80),
(464,56,'ARANDANO 500 GR',1.0000,6.49),
(465,56,'RABANITOS',1.0000,1.10),
(466,56,'UVA ROJA 5/8',1.0000,NULL),
(467,56,'GRANADA',0.4160,1.99),
(468,56,'MANZANA ROJA DULCE',0.5140,NULL),
(469,57,'CHEF SELECT/GYOZA DE CAR',2.0000,NULL),
(470,57,'TOTCHILA DE TIE',1.0000,NULL),
(471,57,'FAVORINA/GALLETAS ES',2.0000,2.20),
(472,57,'FAVORINA/BASTONES DE CAR',1.0000,NULL),
(473,57,'MILBONA/LECHE FRESCA 1.05%',2.0000,NULL),
(474,57,'FAVORINE/MINI STOLLEN SK',1.0000,NULL),
(475,57,'GALLINA BLANCA CALDO POL',1.0000,NULL),
(476,58,'TOMATE RAMA',0.4350,1.13),
(477,58,'TOMATE RAF',0.2950,1.06),
(478,58,'TOMATE AZUL',0.2650,1.59),
(479,58,'TOMATE ROSA',0.1850,0.55),
(480,58,'APIO',0.2450,0.41),
(481,58,'PIMIENTO ROJO',0.2800,0.84),
(482,58,'CEBOLLA ROJA',0.3400,0.68),
(483,58,'CEBOLLETA',1.0000,1.50),
(484,58,'GRANADA',0.3150,NULL),
(485,58,'HINOJO',1.0000,1.20),
(486,58,'LIMON',0.2800,NULL),
(487,58,'CILANTRO',1.0000,NULL),
(488,59,'MANTEQUILLA COW SAL',1.0000,2.13),
(489,59,'NATA MONTAR 35% 4.6.',1.0000,2.58),
(490,59,'MANTEQUILLA CON SAL',1.0000,2.15),
(491,59,'QUESO FRESCO CABRA',1.0000,2.95),
(492,59,'AZUCAR MORENO REPOST',1.0000,2.65),
(493,59,'NATA SPRAY 250 G',1.0000,1.89),
(494,59,'NATA SPRAY DIA 230 G',1.0000,1.69),
(495,59,'NATA SPRAY Dia 250 G',1.0000,1.69),
(496,59,'NATA SPRAY DIA 250 G',1.0000,1.69),
(497,59,'PAÑUELOS COLLECTION',1.0000,2.15),
(498,59,'PAÑUELOS COLLECTION',1.0000,2.15),
(499,59,'PAÑUELOS TRES CAPAS',1.0000,1.35),
(500,59,'PECHUGA PAVO LAS',1.0000,2.19),
(501,59,'HUEVOS DIA -L-',1.0000,2.26),
(502,60,'BOLSA DE RAFIA',1.0000,0.65),
(503,60,'MILBONA YOGUR GRIEGO',1.0000,2.35),
(504,60,'MILBONA GORGONZOLA SK1',1.0000,2.29),
(505,60,'MILBONA LECHE FRESCA 1.08%',3.0000,3.15),
(506,60,'TOMATE CHERRY',1.0000,1.89),
(507,60,'MILBONA QUESO EMMENTAL',1.0000,1.95),
(508,60,'MILBONA QUESO EMMENTAL',1.0000,2.40),
(509,60,'CHEF SELECT PASTA FRESCA',2.0000,1.15),
(510,60,'PERA ROCHA GRANEL',9.6740,1.79),
(511,60,'PULGUITA',1.0000,0.21),
(512,60,'DULANO 8 SALENICHAS VIAN',1.0000,3.90),
(513,60,'COL RIZADA GRANEL',1.3520,1.49),
(514,60,'OCEAN SEA DELICIAS DEL MAR',1.0000,1.92),
(515,60,'KIEL GOLD CESTA NACIONAL',1.0000,2.99),
(516,60,'LA CESTERA PAN DE MOLDE',1.0000,1.19),
(517,60,'PERA ERCOLINS GRANEL',0.1700,2.65),
(518,61,'LECHUGA ROMANA',1.0000,1.59),
(519,61,'SEL PARA LAVAVAJILLAS',1.0000,0.99),
(520,61,'MILBONA LECHE RELLENA',3.0000,1.80),
(521,61,'LA CESTERA PANES PARA HAMBURGUESA',1.0000,0.89),
(522,61,'ARTIACH ARTIACHO',3.0000,3.49),
(523,61,'FAVORINA GALLETAS',2.0000,2.29),
(524,61,'PURIO BOLSA BASURA',1.0000,1.30),
(525,61,'CLENVI LACA',1.0000,1.75),
(526,61,'BLEYTI VESICULAR',2.0000,5.88),
(527,61,'PLAYTIVE ENCO',1.0000,3.99),
(528,61,'DENTALUX CEPILLO DE DIENTES',1.0000,1.69),
(529,61,'DENTALUX CEPILLO DENTAL',1.0000,2.89),
(530,61,'DENTALUX CREMA DENTAL',1.0000,1.19),
(531,61,'DENTALUX CEPILLO DENTAL',1.0000,1.25),
(532,61,'HAMBURGUESA DE VACUNO',1.0000,4.59),
(533,62,'PIZZA 4 FROMAGES 400G',1.0000,5.18),
(534,62,'EAU MINERALE 1.5 L',1.0000,2.10),
(535,62,'SPECULOOS BISCUIT NATURE X12',1.0000,2.35),
(536,62,'PUR JUS ORANGE PULPE 1L',1.0000,1.95),
(537,62,'JUS DE CLEMENTINES 1L',1.0000,1.39),
(538,62,'AXE DEODORANT SILES 200G',1.0000,2.99),
(539,62,'PAIN COMPLET INTEGRAL 8 - 78H',1.0000,1.90),
(540,62,'PATES DIVERSES 250G',1.0000,2.35),
(541,62,'LEGUMES VARIÉS',1.0000,1.49),
(542,62,'COEUR SURPRISE X3',1.0000,1.90),
(543,62,'CHOUX FLEUR',1.0000,2.00),
(544,62,'BROSSES A DENTS X2',1.0000,1.00),
(545,62,'CAROTTES 1 KG',1.0000,1.98),
(546,62,'MOZZARELLA 125G',1.0000,1.90),
(547,62,'FROMAGE DE CHEVRE FRAIS 200G',1.0000,1.98),
(548,63,'FROMAGE DE CHEVRE FRAIS 200G',1.0000,1.99),
(549,63,'POMMES 1 KG',1.0000,2.79),
(550,63,'RAISIN BLANC',0.7580,4.49),
(551,63,'TOMATE RONDE GRAPPE VRAC',0.8220,2.99),
(552,63,'AVOCATS 3 PIECES',1.0000,2.69),
(553,63,'CONCOMBRE',1.0000,1.59),
(554,63,'CITRONS 500G',1.0000,0.99),
(555,63,'BANANES BIO FAIR TRADE',0.9920,2.49),
(556,63,'CLEMENTINES 1.5 KG',1.0000,3.19),
(557,63,'PAVE AUX FIGUES',1.0000,1.59),
(558,64,'PROSECCO DOC BRUT 75CL',2.0000,5.90),
(559,64,'BIERE KARLSQUELL 6X33CL',1.0000,3.29),
(560,64,'NETTOYANT MENAGER 1.25 L',2.0000,1.59),
(561,64,'JUS ORANGE SANS PULPE 1L',1.0000,3.98),
(562,64,'VINAIGRE BLANC 1L',1.0000,0.59),
(563,64,'SPEC LAIT BIF NATURE X12',1.0000,2.35),
(564,64,'CLEMENTINES 1.5 KG',1.0000,2.59),
(565,64,'AMANDES NON SALEES 200G',1.0000,5.98),
(566,64,'BANANE 5 FRUITS',1.0000,0.99),
(567,64,'TOMATE RONDE GRAPPE VRAC',1.1040,3.49),
(568,64,'MOZZARELLA 125G',1.0000,0.50),
(569,64,'CITRONS JAUNE 500G',1.0000,0.99),
(570,64,'AVOCAT VRAC',1.0000,2.00),
(571,64,'PAVE AUX FIGUES',1.0000,1.55),
(572,64,'MIEL DE FLEURS 500G',1.0000,3.90),
(573,65,'BANANE 5 FRUITS',1.0000,0.90),
(574,65,'TOMATE RONDE GRAPPE VRAC',1.1040,3.49),
(575,65,'MOZZARELLA 125G',1.0000,0.95),
(576,65,'CITRONS JAUNE 500G',1.0000,0.99),
(577,65,'AVOCAT VRAC',2.0000,1.09),
(578,65,'PAVE AUX FIGUES',1.0000,1.55),
(579,65,'MIEL DE FLEURS 500G',1.0000,3.90),
(580,65,'BLEU D AUVERGNE AOP 125G',1.0000,1.55),
(581,65,'KAKI 1KG',1.0000,2.29),
(582,66,'EAU DE SOURCE 2L',1.0000,1.50),
(583,66,'SAC DE CAISSE ALDI',2.0000,0.69),
(584,66,'RIZ ETUVE 10 MINUTES 1KG',1.0000,1.89),
(585,66,'COMTE 6 MOIS 250G',1.0000,3.35),
(586,66,'FLOCONS AVOINE 500G',1.0000,0.50),
(587,66,'TOMATES CONCASSEES',1.0000,1.29),
(588,66,'VINAIGRE BLANC 1L',1.0000,0.59),
(589,66,'BANANES VRAC',0.9140,1.99),
(590,66,'PAVE RUSTIQUE 500G',1.0000,1.50),
(591,66,'ORAL B BROSSETTE 2+2',2.0000,11.89),
(592,66,'CHOCO FLEUR DE SEL 100G',1.0000,1.19),
(593,66,'CHOC NOIR DEGUST 85% 100G',1.0000,2.38),
(594,66,'CERNEAUX DE NOIX 200G',1.0000,3.29),
(595,66,'OEUFS X 6 PLEIN AIR',1.0000,1.59),
(596,66,'PDT 1.5KG',1.0000,2.19),
(597,66,'COEUR SUCRINE X3',1.0000,1.20),
(598,66,'JEUNES POUSSES 125G',1.0000,0.99),
(599,66,'LARD FERMENTE 1KG',1.0000,1.59),
(600,68,'Ribeyes 20 Oz (2x 10 oz steaks)',7.0000,NULL),
(601,68,'Top Sirloin Steaks 24 Oz (4 x 6 oz steaks)',8.0000,NULL),
(602,68,'Beef Brisket Approx. 2.75 lbs',1.0000,NULL),
(603,68,'Wild-Caught Alaskan Sockeye Salmon 2 lbs pack',1.0000,NULL),
(604,68,'Ground Beef (85/15) 2x1 lb packs',4.0000,NULL),
(605,68,'Premium Steak Tips 1 lb pack',1.0000,NULL),
(606,68,'Whole Chicken 3.5 lb',1.0000,NULL),
(607,68,'ButcherBox Bacon 10 oz pack',5.0000,6.40),
(608,68,'Farmhouse Breakfast Sausage 2 lbs (2 x 1 lb packs)',2.0000,NULL),
(609,68,'St. Louis Ribs Approx. 2.8 lbs',2.0000,NULL),
(610,69,'ATRLO PCH SPRK WATER 12pk',1.0000,0.99),
(611,69,'CRY 12PK UNDER 240Z',1.0000,0.80),
(612,69,'WTRLO CHRY LM SPKG WTR',1.0000,6.99),
(613,69,'365WFM 06 SLC MNSTR CHS',1.0000,4.79),
(614,69,'NTRLSS PROSCIUTTO',1.0000,NULL),
(615,69,'SPENC DNS DB SMK ATL SLMN',1.0000,NULL),
(616,70,'PROS DIPARMA',1.0000,10.99),
(617,70,'KS IBERICO',1.0000,13.41),
(618,70,'ORGANIC WING',1.0000,18.79),
(619,71,'BEGUDA AVENA',1.0000,NULL),
(620,71,'LLENTIA PARDINA',1.0000,2.10),
(621,71,'AZÚCAR MORENO 1KG',1.0000,1.85),
(622,71,'NOU NATURAL',1.0000,NULL),
(623,71,'CR. MANS NUTRITIVA',1.0000,1.30),
(624,71,'SUAVITZANT SPA',1.0000,1.85),
(625,71,'PASTANAGA 500 G',1.0000,0.85),
(626,71,'ESPELMA TE TXAI',1.0000,1.85),
(627,71,'ESMALT N.79 BLAU',1.0000,2.50),
(628,71,'DESEMBUSSADOR TURBO',1.0000,NULL),
(629,71,'MASK REPAIR 8 NUTR',1.0000,NULL),
(630,71,'BOSSES ES.CUBELL ALT',1.0000,NULL),
(631,71,'BÍFIDUS NATURAL',1.0000,NULL),
(632,71,'SAL FINA',1.0000,NULL),
(633,71,'PATATA',0.2940,1.79),
(634,72,'HAMBURGUESA POLL',1.0000,4.49),
(635,72,'FILET POLL',0.3280,3.10),
(636,72,'HUMMUS SHUKRAN',1.0000,1.59),
(637,72,'ARROS BRILLANTE INTE',1.0000,1.25),
(638,72,'FORMATGE POLS HOCHLAND',1.0000,NULL),
(639,72,'OFE BRÓCOLI LA COLLITA',1.0000,1.59),
(640,72,'TOMAQUET LA COLLITA',1.0000,1.89),
(641,72,'XAMPINYÓ LA COLLITA',1.0000,1.29),
(642,72,'ALVOCAT LA COLLITA',1.0000,2.59),
(643,72,'BROTS DE RUCA LA COLLITA',1.0000,0.75),
(644,73,'PANCEREAES',1.0000,NULL),
(645,73,'EMBUTIDOS DE PAVO',2.0000,2.19),
(646,73,'RICHOT',1.0000,NULL),
(647,73,'RABSDILLA',0.7750,1.54),
(648,73,'PATATAS NUEVAS',1.1950,0.79),
(649,73,'ZANAHORIAS',1.5350,1.45),
(650,73,'NARANJAS TORRES',0.8250,2.98),
(651,73,'AJOS KG',0.1200,5.58),
(652,73,'PLATANO CANARIO',1.6300,1.88),
(653,73,'PERA KERCOLINI',0.5300,2.98),
(654,73,'TOMATE CHERRY NUEVA ZELANDA',0.3550,6.98),
(655,73,'CLEMENTINA MANDARINA',0.7700,3.28),
(656,73,'BROCOLI',0.4850,NULL),
(657,73,'UVA NEGRAS',0.3750,NULL),
(658,74,'BOLSAS ZIP 1L',1.0000,1.20),
(659,74,'ARÁNDANO 225 GR',1.0000,3.15),
(660,74,'CHAMPIÑON BANDEJA P.',1.0000,1.45),
(661,75,'ARROZ SOS 1KG',1.0000,1.80),
(662,75,'QUESO BATIDO EROS',2.0000,1.01),
(663,75,'CACAO SIN AZUCAR',1.0000,4.79),
(664,75,'BONITO NATURAL',2.0000,4.25),
(665,75,'VARIOS PESADO',0.6500,19.80),
(666,75,'VARIOS PESADO',0.6000,22.00),
(667,76,'CUIDACOL NATURAL',1.0000,1.50),
(668,76,'ARÁNDANO 225 GR',1.0000,1.15),
(669,76,'ALMENDRA NATURAL',1.0000,NULL),
(670,76,'CHAMPIÑON BANDEJA P.',2.0000,NULL),
(671,76,'COGOLLOS',1.0000,1.12),
(672,76,'POLLO LABEL',1.8600,9.95),
(673,76,'RABADILLA',0.6500,19.90),
(674,76,'EMBUTIDOS DE PAVO',NULL,2.19),
(675,76,'VARIOS PESADO',0.1250,18.90),
(676,76,'BROCOLI',0.3250,10.90),
(677,77,'PECHUGAS DE PAVO',0.1450,12.90),
(678,77,'POLLO LABEL',2.5500,9.95),
(679,77,'RABADILLA',0.8550,19.90),
(680,77,'PRECIO DIRECTO',0.1150,21.90),
(681,78,'PATATAS NUEVAS',NULL,1.50),
(682,78,'PLATANO CANARIO',NULL,NULL),
(683,78,'MANZANA GOLDEN',0.6400,NULL),
(684,78,'BROCOLI',0.3850,NULL),
(685,78,'NARANJA',0.3750,NULL),
(686,78,'NARANJA',0.8200,3.35),
(687,79,'HUEVO LABEL GANDIA',NULL,NULL),
(688,79,'SA ZERO 600ML',12.0000,3.79),
(689,80,'MANDARINA',1.0000,2.59),
(690,80,'ZANAHORIAS',1.0000,1.19),
(691,80,'PAN RUSTICO 100% INT',1.0000,1.79),
(692,80,'QUESO EDAM HOLANDÉS',1.0000,1.85),
(693,80,'CALDO POLLO',1.0000,0.83),
(694,80,'QUESO RALLADO 4 QUES',1.0000,1.99),
(695,80,'TOMATE TRITURADO',2.0000,0.75),
(696,80,'TOMATE FRITO',1.0000,1.49),
(697,80,'PECHUGA CORTE FINO',0.3700,6.29),
(698,80,'PECHUGAS FILETEADAS',0.6050,5.94),
(699,80,'PECHUGAS FILETEADAS',0.4820,8.49),
(700,80,'BURGER MEAT VAC/CERD',1.0000,3.99),
(701,80,'FILETE LOMO TIERNO',1.0000,2.89),
(702,80,'PIZZA 4 QUESOS ALPUN',1.0000,2.55),
(703,80,'PIZZA BARBACOA ALPUN',1.0000,2.55),
(704,80,'PIZZA BACON CRISPY',1.0000,4.05),
(705,80,'SALCHICHÓN EXTRA LON',1.0000,1.99),
(706,80,'TORREZNOS',1.0000,2.79),
(707,80,'BODY MILK ACEIT OLIV',1.0000,3.59),
(708,80,'BOLSA 50% RECICLADA',2.0000,0.17),
(709,80,'ALMENDRA FRITA NATUR',1.0000,2.89),
(710,80,'PATATAS FRITAS TRUFA',1.0000,1.55),
(711,80,'MIX FRUTO SEC CLASIC',1.0000,2.79),
(712,80,'PATATAS JAMÓN IBÉRIC',1.0000,1.55),
(713,80,'ALMEN NT S/PIEL DIA',1.0000,2.26),
(714,80,'TONICA TONI TÓNICO',2.0000,0.41),
(715,80,'DET MARSELLA 61 LV',1.0000,5.15),
(716,80,'LAVAVAJILLAS 1.5 L',1.0000,1.55),
(717,80,'CHAPATA 300 G',1.0000,0.70),
(718,80,'BEBIDA AVENA',2.0000,1.09),
(719,80,'BBDA TROPICAL S/AZUC',1.0000,0.89),
(720,80,'TÉ LIMÓN UPSS 1.5 L',1.0000,1.05),
(721,80,'HOGAZA CENTENO AVENA',1.0000,2.15),
(722,80,'MANZANA GOLDEN',1.0000,1.49),
(723,80,'LECHE SEMI DIA LACTE',2.0000,0.87),
(724,80,'CAFE MEZCLA INT MOLI',2.0000,3.29),
(725,80,'PLÁTANO DE CANARIAS',0.8490,1.59),
(726,80,'NÉCTAR MANGO 1 L',1.0000,1.65),
(727,80,'FRIEGASUELOS COLONIA',2.0000,1.15),
(728,80,'FANTA ZERO NARAN LAT',1.0000,0.75),
(729,80,'TOMILLO VEGEC 18 G',2.0000,0.79),
(730,80,'SERVILLETA BLANCA 1C',1.0000,1.45),
(731,80,'FUNROLL BACON QUESO',1.0000,2.45),
(732,80,'QUESO CHEDDAR IRLAND',1.0000,1.99),
(733,80,'QUESO GOUDA HOLAN LO',1.0000,1.95),
(734,80,'TALLARINES WOK TATUN',1.0000,2.97),
(735,80,'CORAZONES COGOLLOS',1.0000,1.99),
(736,80,'FIAMBRE SANDWICH NUE',2.0000,1.49),
(737,80,'ARROZ TRES DELICIAS',1.0000,2.59),
(738,80,'TALLARINES CARBONARA',1.0000,2.35),
(739,80,'MOSTAZA ORIGI. PRIMA',1.0000,2.39),
(740,80,'HUMMUS PIMIENTO 220G',1.0000,1.35),
(741,80,'CHOR/SALCH EXT LONCH',2.0000,2.45),
(742,80,'YOGUR NATURAL DIALA',1.0000,1.55),
(743,81,'HUMMUS PIMIENTO 220G',1.0000,1.35),
(744,81,'TALLARINES WOK TATUN',1.0000,2.97),
(745,81,'FUNROLL BACON QUESO',1.0000,2.45),
(746,81,'LASAÑA BOLOÑESA GRAT',1.0000,2.67),
(747,81,'PARRILLADA VERDURAS',2.0000,1.69),
(748,81,'ARROZ NEGRO CALAMAR',1.0000,2.89),
(749,81,'CHOR/SALCH EXT LONCH',2.0000,2.45),
(750,81,'PATATAS PREFRITAS',1.0000,3.39),
(751,81,'MEDALLÓN MERLUZA MAR',1.0000,3.69),
(752,81,'ATÚN CLARO AC OLIVA',1.0000,5.35),
(753,81,'PECHUG PAVO PIMENTÓN',0.5920,8.99),
(754,81,'PECHUG FILET F.HIERB',1.0000,3.29),
(755,81,'ALAS ADOBADAS POLLO',1.0000,2.79),
(756,81,'BURGER MEAT VACUNO',1.0000,4.39),
(757,81,'PIZZA BARBACOA ALPUN',1.0000,2.55),
(758,81,'PIZZA 4 QUESOS ALPUN',2.0000,2.55),
(759,81,'MALLA',1.0000,3.49),
(760,81,'LECHE SEMI DIA LACTE',2.0000,0.87),
(761,81,'BEBIDA DE ARROZ',2.0000,0.99),
(762,81,'PATATAS FRITAS TRUFA',1.0000,1.55),
(763,81,'BEBIDA SOJA CALCIO',2.0000,0.99),
(764,81,'HOGAZA CENTENO AVENA',1.0000,2.15),
(765,81,'MONEDAS DE CHOCOLATE',1.0000,1.19),
(766,81,'CAFE MEZCLA INT MOLI',1.0000,3.29),
(767,81,'BOLSA 50% RECICLADA',1.0000,0.17),
(768,82,'HUMMUS PIMIENTO 220G',1.0000,1.35),
(769,82,'TALLARINES WOK TATUN',1.0000,2.97),
(770,82,'FUNROLL BACON QUESO',1.0000,2.45),
(771,82,'LASAÑA BOLOÑESA GRAT',1.0000,2.67),
(772,82,'PARRILLADA VERDURAS',2.0000,1.69),
(773,82,'ARROZ NEGRO CALAMAR',1.0000,2.89),
(774,82,'CHOR/SALCH EXT LONCH',2.0000,2.45),
(775,82,'PATATAS PREFRITAS',1.0000,3.39),
(776,82,'MEDALLÓN MERLUZA MAR',1.0000,3.69),
(777,82,'ATÚN CLARO AC OLIVA',1.0000,5.35),
(778,82,'PECHUG PAVO PIMENTÓN',0.5920,8.99),
(779,82,'PECHUG FILET F.HIERB',1.0000,3.29),
(780,82,'ALAS ADOBADAS POLLO',1.0000,2.79),
(781,82,'BURGER MEAT VACUNO',1.0000,4.39),
(782,82,'PIZZA BARBACOA ALPUN',1.0000,2.55),
(783,82,'PIZZA 4 QUESOS ALPUN',2.0000,2.55),
(784,82,'MALLA',1.0000,3.49),
(785,82,'LECHE SEMI DIA LACTE',2.0000,0.87),
(786,82,'BEBIDA DE ARROZ',2.0000,0.99),
(787,82,'PATATAS FRITAS TRUFA',1.0000,1.55),
(788,82,'BEBIDA SOJA CALCIO',2.0000,0.99),
(789,82,'HOGAZA CENTENO AVENA',1.0000,2.15),
(790,82,'MONEDAS DE CHOCOLATE',1.0000,1.19),
(791,82,'CAFE MEZCLA INT MOLI',1.0000,3.29),
(792,82,'BOLSA 50% RECICLADA',1.0000,0.17),
(793,83,'CREMA LICOR LENDA',1.0000,6.60),
(794,83,'TE TWININGS ENGLIS',1.0000,4.60),
(795,83,'ACTNA.MANZ.HUES',1.0000,0.50),
(796,83,'ACTNA.VERDS.HUESO',1.0000,0.47),
(797,83,'CIRUELA LOVITA',1.0000,1.01),
(798,83,'CLEMENTINA KILO',1.0000,1.23),
(799,83,'CHICHARR.P.SALEIRO',1.0000,6.20),
(800,83,'VINO RAMALLEIRA',1.0000,NULL),
(801,83,'CHOC.EXPRESS 500 G',1.0000,4.50),
(802,83,'EMP.ATUN 500 GRS.',1.0000,3.19),
(803,83,'EMPAN.CARNE 500G',1.0000,3.19),
(804,83,'EMPAN.BACALAO 500G',1.0000,3.19),
(805,83,'ALBARIÑO XELMIREZ',1.0000,6.59),
(806,83,'QUESO QUEINAGA KG',1.0000,18.34),
(807,83,'CASTAÑAS 0/40/60',3.0000,NULL),
(808,83,'FALDA TERNERA GALL',2.0000,NULL),
(809,83,'CHOR.T.NUÑE.MALLA',1.0000,4.49),
(810,83,'PECH.PAVO FINAS IF',1.0000,3.37),
(811,83,'MIX FR.SEC.ACEITUN',1.0000,2.99),
(812,83,'PLATANO 12ENVASADO',1.0000,2.34),
(813,83,'MIX C/PASAS IFA',1.0000,2.59),
(814,83,'PISTAC.NAT.IFA 100',1.0000,2.64),
(815,83,'PAÑAL IFA T4 100U',1.0000,NULL),
(816,83,'QUESO BERNALDO 500',1.0000,NULL),
(817,85,'PICOS SIN GLUTEN',2.0000,1.50),
(818,85,'ENSAL.PIMIENTO PIQUI',1.0000,2.00),
(819,85,'TORTIL.MAIZ S/GLUTEN',1.0000,2.20),
(820,85,'QUESO LONCHAS CABRA',1.0000,2.91),
(821,85,'SALMÓN AHUMADO',1.0000,3.94),
(822,85,'POKE SALMON',1.0000,5.50),
(823,85,'MASA HOJALDRE S/GLUT',1.0000,2.80),
(824,86,'Various Items from CARNICERIA LIZARRA',1.0000,34.89),
(825,87,'AVENA MOLIDA M1',1.0000,NULL),
(826,87,'LECHE CABRA 1L',1.0000,1.80),
(827,87,'VERBA MATE',1.0000,3.00),
(828,87,'12 HUEVOS CAMPEROS',1.0000,2.62),
(829,87,'PAN RALLADO CASERO',1.0000,NULL),
(830,87,'PICOS SIN GLUTEN',1.0000,1.50),
(831,87,'SPAGHETTI AL HUEVO',1.0000,NULL),
(832,87,'CHOCO FUNDIR BLANCO',1.0000,NULL),
(833,87,'SNACK 100% ESP',1.0000,NULL),
(834,87,'JAMON S. EXTRA FINO',1.0000,2.55),
(835,87,'PECHUGA PAVO FILETE',1.0000,NULL),
(836,87,'FILETE PECHUGA FINO',2.0000,NULL),
(837,87,'HUMMUS CLÁSICO',2.0000,NULL),
(838,87,'ACEITE VIRGEN EX',1.0000,NULL),
(839,87,'ANCHOA OLIVA PACK-3',1.0000,NULL),
(840,87,'ZANAHORIA 500 G',1.0000,NULL),
(841,87,'CEBOLLA TUBO',1.0000,NULL),
(842,87,'PLATANO',0.9140,1.99),
(843,83,'CLEMENTINA',0.6100,1.20),
(844,88,'CLEMENTINA',0.6100,1.20),
(845,89,'MENESTRA',1.0000,6.00),
(846,89,'ABUIAS EN ACE',1.0000,3.00),
(847,89,'PALETA IBERIC',1.0000,9.90),
(848,90,'HARINA ESPE ELA UTE ElóNcES',1.0000,2.29),
(849,90,'VENAS CLEAR LoS ECEIZA 150 TO',1.0000,NULL),
(850,90,'MAIZENA PTE.400',1.0000,2.99),
(851,91,'GALLETAS JUNIOR',1.0000,3.25),
(852,91,'POUCH FRESA PLATANO',1.0000,2.59),
(853,91,'POUCH MY BABY BIO 4',1.0000,2.59),
(854,91,'ARROZ 3COLORES 1K',1.0000,2.99),
(855,91,'BISCOTES SIN SAL',1.0000,1.37),
(856,91,'CHOCOLATE 0% VALOR',1.0000,1.99),
(857,91,'6 PILAS LTO03',3.0000,3.99),
(858,91,'JOGGER BEBE UNISEX AJ33',1.0000,5.99),
(859,91,'SUDADERA BEBE AJ33',1.0000,5.99),
(860,91,'DESCUENTO EN 2* UNIDAD AJ33',1.0000,-4.20),
(861,92,'BARRA DE PAN',1.0000,0.48),
(862,92,'PAN DE FIBRA',1.0000,1.25),
(863,92,'HUMMUS CLASICO',1.0000,1.05),
(864,92,'40 B.CIERRA FÁCIL',1.0000,1.70),
(865,92,'RODAJA POTON COCIDO',1.0000,6.05),
(866,92,'ZANAHORIA BOLSA',1.0000,1.09),
(867,92,'BICARBONATO KILO',1.0000,1.50),
(868,92,'0. LONCHAS EDAM TIER',1.0000,2.00),
(869,92,'P. PAY RED. SAL BIPA',1.0000,3.37),
(870,92,'PECHUGA 2 UND',1.0000,4.55),
(871,92,'SOJA CALCIO BRICK',2.0000,0.70),
(872,92,'COMPRESA ALAS NORMAL',1.0000,1.84),
(873,92,'AGUA OXIGENADA',2.0000,0.65),
(874,92,'LEJIA NORMAL',1.0000,0.80),
(875,92,'DEO CREMA DOVE',1.0000,2.00),
(876,93,'Vemondo/Bebida avena',6.0000,0.79),
(877,93,'Milbona/Yogur griego',1.0000,2.39),
(878,93,'Rexona deo man',2.0000,2.69),
(879,93,'Optisana/Agua oxigenada',3.0000,0.63),
(880,93,'Frambuesa',1.0000,2.69),
(881,93,'Roncero/Lonchas vaca',1.0000,3.15),
(882,93,'Realvalle/Pechuga de pavo',1.0000,3.29),
(883,93,'Ivango al punto',1.0000,2.99),
(884,93,'La Cestera/Croissants',1.0000,1.75),
(885,93,'Mandarina nacional',1.0000,3.89),
(886,93,'Kania/Caldo de pescado',1.0000,0.84),
(887,93,'Milbona/Queso untar blanco',1.0000,1.25),
(888,93,'Uva blanca 500g',1.0000,1.99),
(889,93,'Banana',1.0000,1.42),
(890,93,'Zanahoria',1.0000,1.09),
(891,93,'Manzana Golden 1kg',1.0000,1.25),
(892,93,'Tomate malla 1kg',1.0000,1.85),
(893,93,'Calabacín',0.5800,1.19),
(894,94,'Nixe/Atún claro girasol',1.0000,1.69),
(895,94,'Huevos M libres',1.0000,1.99),
(896,94,'Cookies choco surtido',1.0000,0.79),
(897,94,'Hojaldre tomate',1.0000,1.29),
(898,94,'Fresa',1.0000,2.69),
(899,94,'Mango al punto',1.0000,2.99),
(900,94,'Ciruela roja 500g',1.0000,1.39),
(901,94,'La Cestera/Croissants',1.0000,1.75),
(902,94,'Fin Carré/Chocolate avellana',1.0000,0.65),
(903,94,'Pepino holandés',1.0000,0.49),
(904,94,'Pimiento 750g',1.0000,1.59),
(905,94,'Aguacate malla',1.0000,2.19),
(906,94,'Banana',1.5300,1.05),
(907,94,'Combino/Tiburón',1.0000,0.75),
(908,94,'Frambuesa',1.0000,2.69),
(909,94,'Roncero/Lonchas vaca',1.0000,3.15),
(910,94,'Cien/Bastoncillos',1.0000,1.29),
(911,94,'La Cestera/Pan de molde integral',1.0000,1.19),
(912,95,'AGUACATE',3.0000,0.50),
(913,95,'PLATANO MACHO',1.1480,0.89),
(914,96,'BOLSA',1.0000,NULL),
(915,96,'PESCADOYMARISCO',1.2150,19.42),
(916,96,'PESCADOYMARISCO',1.5150,15.12),
(917,97,'CARNICERIA',2.0850,14.39),
(918,97,'CARNICERIA',0.9850,8.85),
(919,97,'CARNICERIA',0.5600,4.47),
(920,98,'Cremoso con mango Bifidus pack 4x 125g',1.0000,0.89),
(921,98,'Huevos frescos categoría A clase M La receta bandeja 24',1.0000,2.16),
(922,98,'Gel limpiador we pino Super Paco botella 1l',1.0000,0.72),
(923,98,'Friegasuelos concentrado rosa Super Paco botella 1l',1.0000,1.12),
(924,98,'Lavavajillas concentrado ultra Super Paco botella 1l',2.0000,1.98),
(925,98,'Jamón cocido extra Nuestra Alacena sobre 2 x 225g',1.0000,2.43),
(926,98,'Cebolla malla 750g',1.0000,1.13),
(927,98,'Banana granel 500g',1.0000,1.14),
(928,98,'Pera conferencia bandeja 1kg',1.0000,1.20),
(929,98,'Mandarina cesta 1kg',1.0000,2.12),
(930,98,'Kiwi Sungold Zespri bandeja 535g',1.0000,2.80),
(931,98,'Mango bandeja 650g',1.0000,1.97),
(932,98,'Aguacate granel 750g',0.5350,2.15),
(933,98,'Granada unidad aprox. 400g',0.3950,0.60),
(934,98,'Leche semidesnatada Dia Láctea brik 6x 1l',1.0000,3.96),
(935,98,'Leche desnatada Dia Láctea brik 6x 1l',1.0000,3.90),
(936,98,'Cremoso desnatado con piña y coco Bifidus pack 4 x 125g',1.0000,0.89),
(937,98,'Arroz vaporizado Brillante caja 1kg',1.0000,1.45),
(938,98,'Aceite refinado de girasol Diasol botella 1l',1.0000,1.15),
(939,98,'Aceite de orujo de oliva La Almazara del Olivar botella 1l',1.0000,3.58),
(940,98,'Atún claro en aceite de oliva Mari Marinera lata 6 x 60g',2.0000,7.26),
(941,98,'Bizcocho de limón El molino de Dia bolsa 350g',1.0000,1.24),
(942,98,'Palomitas sabor mantequilla Snack Maniac bolsa 80g',1.0000,0.63),
(943,98,'Aperitivo de maíz horneado sabor a queso Cheetos bolsa',1.0000,1.31),
(944,98,'Nachos sabor a queso Doritos bolsa 260g',2.0000,3.57),
(945,98,'Cerveza especial Alhambra botella 6 x25cl',1.0000,2.38),
(946,98,'Cerveza especial Cruzcampo botella 6 x 200ml',1.0000,2.13),
(947,98,'Toallitas para bebés BabySmile bolsa 80 unidades',2.0000,1.32),
(948,98,'Queso gouda Selección Mundial sobre 240g',1.0000,1.40),
(949,98,'Queso tierno de vaca El cencerro sobre 250g',1.0000,1.64),
(950,98,'Pan de centeno 100% de masa madre El molino de Dia 450g',1.0000,0.51),
(951,98,'Pañuelos tres capas Scottex paquete 8+2 unidades',1.0000,0.93),
(952,98,'Lejía hogar garrafa amarilla Dia garrafa 2l',1.0000,0.50),
(953,98,'Amoniaco perfumado Dia botella 1.5l',1.0000,0.41),
(954,98,'Pañales 8-15 kgs talla 4 Planeta Bebé bolsa 88 unidades',1.0000,9.21),
(955,98,'Transporte',1.0000,0.00);
/*!40000 ALTER TABLE `Items` ENABLE KEYS */;
UNLOCK TABLES;

--
-- Table structure for table `Ticket`
--

DROP TABLE IF EXISTS `Ticket`;
/*!40101 SET @saved_cs_client     = @@character_set_client */;
/*!40101 SET character_set_client = utf8 */;
CREATE TABLE `Ticket` (
  `TicketID` int(11) NOT NULL,
  `UserID` int(11) DEFAULT NULL,
  `Purchase_date` date DEFAULT NULL,
  PRIMARY KEY (`TicketID`),
  KEY `UserID` (`UserID`),
  CONSTRAINT `Ticket_ibfk_1` FOREIGN KEY (`UserID`) REFERENCES `User` (`UserID`)
) ENGINE=InnoDB DEFAULT CHARSET=utf8mb4 COLLATE=utf8mb4_general_ci;
/*!40101 SET character_set_client = @saved_cs_client */;

--
-- Dumping data for table `Ticket`
--

LOCK TABLES `Ticket` WRITE;
/*!40000 ALTER TABLE `Ticket` DISABLE KEYS */;
INSERT INTO `Ticket` VALUES
(1,1,'2023-11-04'),
(2,13,'2023-11-04'),
(3,1,'2023-11-02'),
(4,1,'2023-11-02'),
(5,1,'2023-11-04'),
(6,1,'2023-11-02'),
(7,1,'2023-11-02'),
(8,1,'2023-11-03'),
(9,1,'2023-11-09'),
(10,1,'2023-11-06'),
(11,1,'2023-11-07'),
(12,1,'2023-11-06'),
(13,1,'2023-11-06'),
(14,1,'2023-11-10'),
(15,1,'2023-11-10'),
(16,1,'2023-11-11'),
(17,1,'2023-11-09'),
(18,1,'2023-11-09'),
(19,1,'2023-11-18'),
(20,1,'2023-11-18'),
(21,1,'2023-11-14'),
(22,1,'2023-11-11'),
(23,1,'2023-11-18'),
(24,1,'2023-11-18'),
(25,1,'2023-11-21'),
(26,1,'2023-11-21'),
(27,2,'2023-11-03'),
(28,2,'2023-11-03'),
(29,2,'2023-11-03'),
(30,2,'2023-11-16'),
(31,2,'2023-11-18'),
(32,3,'2023-11-04'),
(33,3,'2023-10-02'),
(34,3,'2023-11-11'),
(35,3,'2023-11-11'),
(36,3,'2023-11-11'),
(37,3,'2023-11-18'),
(38,3,'2023-11-21'),
(39,3,'2023-11-22'),
(40,3,'2023-11-22'),
(41,3,'2023-11-25'),
(42,4,'2023-11-02'),
(43,4,'2023-11-04'),
(44,4,'2023-11-07'),
(45,4,'2023-11-04'),
(46,4,'2023-11-06'),
(47,4,'2023-11-07'),
(48,4,'2023-11-16'),
(49,5,'2023-11-02'),
(50,5,'2023-11-04'),
(51,5,'2023-11-08'),
(52,5,'2023-11-11'),
(53,5,'2023-11-10'),
(54,5,'2023-11-11'),
(55,5,'2023-11-12'),
(56,5,'2023-11-11'),
(57,5,'2023-11-11'),
(58,5,'2023-11-18'),
(59,5,'2023-11-18'),
(60,5,'2023-11-20'),
(61,5,'2023-11-11'),
(62,6,'2023-11-11'),
(63,6,'2023-11-11'),
(64,6,'2023-11-23'),
(65,6,'2023-11-23'),
(66,6,'2023-11-22'),
(68,7,'2023-10-30'),
(69,7,'2023-11-20'),
(70,7,'2023-11-20'),
(71,8,'2023-11-11'),
(72,8,'2023-11-07'),
(73,9,'2023-11-04'),
(74,9,'2023-11-14'),
(75,9,'2023-11-14'),
(76,9,'2023-11-17'),
(77,9,'2023-11-24'),
(78,9,'2023-11-24'),
(79,9,'2023-11-25'),
(80,10,'2023-11-02'),
(81,10,'2023-11-13'),
(82,11,'2023-11-13'),
(83,12,'2023-11-02'),
(85,11,'2023-11-06'),
(86,11,'2023-11-20'),
(87,11,'2023-11-23'),
(88,12,'2023-11-02'),
(89,12,'2023-11-02'),
(90,12,'2023-04-20'),
(91,13,'2023-11-02'),
(92,13,'2023-11-23'),
(93,13,'2023-11-13'),
(94,12,'2023-11-07'),
(95,13,'2023-11-18'),
(96,13,'2023-11-18'),
(97,13,'2023-11-23'),
(98,12,'2023-11-20');
/*!40000 ALTER TABLE `Ticket` ENABLE KEYS */;
UNLOCK TABLES;

--
-- Table structure for table `User`
--

DROP TABLE IF EXISTS `User`;
/*!40101 SET @saved_cs_client     = @@character_set_client */;
/*!40101 SET character_set_client = utf8 */;
CREATE TABLE `User` (
  `UserID` int(11) NOT NULL,
  PRIMARY KEY (`UserID`)
) ENGINE=InnoDB DEFAULT CHARSET=utf8mb4 COLLATE=utf8mb4_general_ci;
/*!40101 SET character_set_client = @saved_cs_client */;

--
-- Dumping data for table `User`
--

LOCK TABLES `User` WRITE;
/*!40000 ALTER TABLE `User` DISABLE KEYS */;
INSERT INTO `User` VALUES
(1),
(2),
(3),
(4),
(5),
(6),
(7),
(8),
(9),
(10),
(11),
(12),
(13);
/*!40000 ALTER TABLE `User` ENABLE KEYS */;
UNLOCK TABLES;
/*!40103 SET TIME_ZONE=@OLD_TIME_ZONE */;

/*!40101 SET SQL_MODE=@OLD_SQL_MODE */;
/*!40014 SET FOREIGN_KEY_CHECKS=@OLD_FOREIGN_KEY_CHECKS */;
/*!40014 SET UNIQUE_CHECKS=@OLD_UNIQUE_CHECKS */;
/*!40101 SET CHARACTER_SET_CLIENT=@OLD_CHARACTER_SET_CLIENT */;
/*!40101 SET CHARACTER_SET_RESULTS=@OLD_CHARACTER_SET_RESULTS */;
/*!40101 SET COLLATION_CONNECTION=@OLD_COLLATION_CONNECTION */;
/*!40111 SET SQL_NOTES=@OLD_SQL_NOTES */;

-- Dump completed on 2024-03-20  8:17:59
